{"MAE": 1395665.9134007115, "MSE": 2490529502495.7905, "RMSE": 1578141.1541734126}