{"MAE": 44050.0144905773, "MSE": 3105393752.7710714, "RMSE": 55726.05990711232}