{"MAE": 329266.27136426175, "MSE": 127029485034.03955, "RMSE": 356411.95972363156}