{"MAE": 40069.038880596476, "MSE": 2504385347.3617826, "RMSE": 50043.834259195035}