{"MAE": 334996.7546841496, "MSE": 131252392346.21594, "RMSE": 362287.7203911498}