{"MAE": 39580.325628696286, "MSE": 2463908449.21521, "RMSE": 49637.77240383789}